time,throttle,jump,boost,dodgeForward,dodgeStrafe,handBrake,roll,directionalAirRoll
157,0.000000,0,0,-0.000000,0.000000,0,0.000000,0
10626100,0.000000,0,1,-0.000000,0.000000,0,0.000000,0
10653873,0.000000,0,1,-0.000000,0.000000,0,0.000000,0
10715221,0.000000,0,1,-0.000000,0.000000,0,0.000000,0
10753098,0.000000,0,1,-0.000000,0.000000,0,0.000000,0
10795920,0.000000,0,1,-0.000000,0.000000,0,0.000000,0
10834696,0.000000,0,1,-0.000000,0.000000,0,0.000000,0
10874878,0.000000,0,1,-0.000000,0.000000,0,0.000000,0
10916777,0.000000,0,1,-0.000000,0.000000,0,0.000000,0
10967492,0.000000,0,1,-0.000000,0.000000,0,0.000000,0
11007642,0.000000,0,1,-0.000000,0.000000,0,0.000000,0
11045139,0.000000,0,1,-0.000000,0.000000,0,0.000000,0
11095332,0.000000,0,1,-0.000000,0.000000,0,0.000000,0
11125041,0.000000,0,1,-0.000000,0.000000,0,0.000000,0
11169559,0.000000,0,1,-0.000000,0.000000,0,0.000000,0
11208863,0.000000,0,1,-0.000000,0.000000,0,0.000000,0
11253187,0.000000,0,1,-0.000000,0.000000,0,0.000000,0
11335601,0.000000,0,1,-0.000000,0.000000,0,0.000000,0
11390788,0.000000,0,1,-0.000000,0.000000,0,0.000000,0
11446337,0.000000,0,1,-0.000000,0.000000,0,0.000000,0
11466887,0.000000,0,1,-0.000000,0.000000,0,0.000000,0
11501952,0.000000,0,1,-0.000000,0.000000,0,0.000000,0
11576901,0.000000,0,1,-0.000000,0.000000,0,0.000000,0
11617792,0.000000,0,1,-0.000000,0.000000,0,0.000000,0
11661129,0.000000,0,1,-0.000000,0.000000,0,0.000000,0
11872106,0.000000,0,1,-0.000000,0.000000,0,0.000000,0
11921938,0.000000,0,1,-0.000000,0.000000,0,0.000000,0
11952287,0.000000,0,1,-0.000000,0.000000,0,0.000000,0
12019605,0.000000,0,1,-0.000000,0.000000,0,0.000000,0
12041708,0.000000,0,1,-0.000000,0.000000,0,0.000000,0
12082357,0.000000,0,1,-0.000000,0.000000,0,0.000000,0
12124352,0.000000,0,1,-0.000000,0.000000,0,0.000000,0
12167845,0.000000,0,1,-0.000000,0.000000,0,0.000000,0
12203650,0.000000,0,1,-0.000000,0.000000,0,0.000000,0
12249711,0.000000,0,1,-0.000000,0.000000,0,0.000000,0
12286110,0.000000,0,1,-0.000000,0.000000,0,0.000000,0
12328027,0.000000,0,1,-0.000000,0.000000,0,0.000000,0
12372976,0.000000,0,1,-0.000000,0.000000,0,0.000000,0
12410365,0.000000,0,1,-0.000000,0.000000,0,0.000000,0
12451323,0.000000,0,1,-0.000000,0.000000,0,0.000000,0
12493548,0.000000,0,1,-0.000000,0.000000,0,0.000000,0
12537102,0.000000,0,1,-0.000000,0.000000,0,0.000000,0
12576857,0.000000,0,1,-0.000000,0.000000,0,0.000000,0
12618939,0.000000,0,1,-0.000000,0.000000,0,0.000000,0
12661029,0.000000,0,1,-0.000000,0.000000,0,0.000000,0
12702346,0.000000,0,1,-0.000000,0.000000,0,0.000000,0
12743208,0.000000,0,1,-0.000000,0.000000,0,0.000000,0
12784633,0.000000,0,1,-0.000000,0.000000,0,0.000000,0
12826057,0.000000,0,1,-0.000000,0.000000,0,0.000000,0
12868563,0.000000,0,1,-0.000000,0.000000,0,0.000000,0
12911784,0.000000,0,1,-0.000000,0.000000,0,0.000000,0
12955412,0.000000,0,1,-0.000000,0.000000,0,0.000000,0
12992242,0.000000,0,1,-0.000000,0.000000,0,0.000000,0
13036266,0.000000,0,1,-0.000000,0.000000,0,0.000000,0
13076029,0.000000,0,1,-0.000000,0.000000,0,0.000000,0
13117909,0.000000,0,1,-0.000000,0.000000,0,0.000000,0
13159380,0.000000,0,1,-0.000000,0.000000,0,0.000000,0
13202594,0.000000,0,1,-0.000000,0.000000,0,0.000000,0
13241913,0.000000,0,1,-0.000000,0.000000,0,0.000000,0
13284822,0.000000,0,1,-0.000000,0.000000,0,0.000000,0
13326751,0.000000,0,1,-0.000000,0.000000,0,0.000000,0
13368964,0.000000,0,1,-0.000000,0.000000,0,0.000000,0
13410502,0.000000,0,1,-0.000000,0.000000,0,0.000000,0
13451243,0.000000,0,1,-0.000000,0.000000,0,0.000000,0
13492844,0.000000,0,1,-0.000000,0.000000,0,0.000000,0
13536004,0.000000,0,1,-0.000000,0.000000,0,0.000000,0
13576649,0.000000,0,1,-0.000000,0.000000,0,0.000000,0
13620564,0.000000,0,1,-0.000000,0.000000,0,0.000000,0
13661140,0.000000,0,1,-0.000000,0.000000,0,0.000000,0
13701468,0.000000,0,1,-0.000000,0.000000,0,0.000000,0
13742101,0.000000,0,1,-0.000000,0.000000,0,0.000000,0
13784730,0.000000,0,1,-0.000000,0.000000,0,0.000000,0
13826968,0.000000,0,1,-0.000000,0.000000,0,0.000000,0
13867870,0.000000,0,1,-0.000000,0.000000,0,0.000000,0
13910659,0.000000,0,1,-0.000000,0.000000,0,0.000000,0
13951215,0.000000,0,1,-0.000000,0.000000,0,0.000000,0
13992462,0.000000,0,1,-0.000000,0.000000,0,0.000000,0
14034834,0.000000,0,1,-0.000000,0.000000,0,0.000000,0
14075632,0.000000,0,1,-0.000000,0.000000,0,0.000000,0
14117914,0.000000,0,1,-0.000000,0.000000,0,0.000000,0
14161685,0.000000,0,1,-0.000000,0.000000,0,0.000000,0
14204609,0.000000,0,1,-0.000000,0.000000,0,0.000000,0
14241936,0.000000,0,1,-0.000000,0.000000,0,0.000000,0
14284812,0.000000,0,1,-0.000000,0.000000,0,0.000000,0
14326553,0.000000,0,1,-0.000000,0.000000,0,0.000000,0
14369018,0.000000,0,1,-0.000000,0.000000,0,0.000000,0
14411378,0.000000,0,1,-0.000000,0.000000,0,0.000000,0
14454225,0.000000,0,1,-0.000000,0.000000,0,0.000000,0
14493188,0.000000,0,1,-0.000000,0.000000,0,0.000000,0
14534907,0.000000,0,1,-0.000000,0.000000,0,0.000000,0
14576805,0.000000,0,1,-0.000000,0.000000,0,0.000000,0
14620865,0.000000,0,1,-0.000000,0.000000,0,0.000000,0
14660916,0.000000,0,1,-0.000000,0.000000,0,0.000000,0
14701512,0.000000,0,1,-0.000000,0.000000,0,0.000000,0
14742774,0.000000,0,1,-0.000000,0.000000,0,0.000000,0
14784747,0.000000,0,1,-0.000000,0.000000,0,0.000000,0
14826210,0.000000,0,1,-0.000000,0.000000,0,0.000000,0
14868123,0.000000,0,1,-0.000000,0.000000,0,0.000000,0
14909602,0.000000,0,1,-0.000000,0.000000,0,0.000000,0
14951421,0.000000,0,1,-0.000000,0.000000,0,0.000000,0
14992506,0.000000,0,1,-0.000000,0.000000,0,0.000000,0
15035411,0.000000,0,1,-0.000000,0.000000,0,0.000000,0
15075743,0.000000,0,1,-0.000000,0.000000,0,0.000000,0
15118410,0.000000,0,1,-0.000000,0.000000,0,0.000000,0
15161852,0.000000,0,1,-0.000000,0.000000,0,0.000000,0
15201754,0.000000,0,1,-0.000000,0.000000,0,0.000000,0
15242523,0.000000,0,1,-0.000000,-0.017531,0,0.000000,0
15284640,0.000000,0,1,-0.000000,-0.068131,0,0.000000,0
15326711,0.000000,0,1,-0.000000,-0.127164,0,0.000000,0
15369597,0.000000,0,1,-0.000000,-0.186198,0,0.000000,0
15412377,0.000000,0,1,-0.000000,-0.261048,0,0.000000,0
15452015,0.000000,0,1,-0.000000,-0.346432,0,0.000000,0
15493082,0.000000,0,1,-0.000000,-0.405465,0,0.000000,0
15535911,0.000000,0,1,-0.000000,-0.508765,0,0.000000,0
15575911,0.000000,0,1,0.034365,-0.593099,0,0.000000,0
15622318,0.000000,0,1,0.102882,-0.668999,0,0.000000,0
15660870,0.000000,0,1,0.178782,-0.762816,0,0.000000,0
15702161,0.000000,0,1,0.281032,-0.881933,0,0.000000,0
15742382,0.000000,0,1,0.348499,-0.949400,0,0.000000,0
15784614,0.000000,0,1,0.415966,-1.000000,0,0.000000,0
15826901,0.000000,0,1,0.468666,-1.000000,0,0.000000,0
15868372,0.000000,0,1,0.510833,-1.000000,0,0.000000,0
15913214,0.000000,0,1,0.561433,-1.000000,0,0.000000,0
15954661,0.000000,0,1,0.613083,0.000000,1,-1.000000,1
15992999,0.000000,0,1,0.663683,0.000000,1,-1.000000,1
16035279,0.000000,0,1,0.722717,0.000000,1,-1.000000,1
16075881,0.000000,0,1,0.789133,0.000000,1,-1.000000,1
16119065,0.000000,0,1,0.848167,0.000000,1,-1.000000,1
16161620,0.000000,0,1,0.949367,0.000000,1,-1.000000,1
16202031,0.000000,0,1,0.999967,0.000000,1,-0.949400,1
16242387,0.000000,0,1,0.999967,0.000000,1,-0.890366,1
16284653,0.000000,0,1,0.999967,0.000000,1,-0.830283,1
16329066,0.000000,1,1,0.999967,0.000000,1,-0.788116,1
16369480,0.000000,1,1,0.999967,0.000000,1,-0.719599,1
16412580,0.000000,1,1,0.999967,0.000000,1,-0.652132,1
16452503,0.000000,1,1,0.999967,0.000000,1,-0.601532,1
16494456,0.000000,1,1,0.999967,0.000000,1,-0.567799,1
16536028,0.000000,1,1,0.999967,0.000000,1,-0.517199,1
16576901,0.000000,1,1,0.999967,0.000000,1,-0.466599,1
16622092,0.000000,1,1,0.999967,0.000000,1,-0.413898,1
16659765,0.000000,1,1,0.999967,0.000000,1,-0.329565,1
16701745,0.000000,1,1,0.999967,0.000000,1,-0.269481,1
16743703,0.000000,1,1,0.999967,0.000000,1,-0.169331,1
16786703,0.000000,1,1,0.999967,0.000000,1,-0.042831,1
16827757,0.000000,1,1,0.999967,0.000000,1,0.000000,1
16868802,0.000000,1,1,0.999967,0.000000,1,0.094448,1
16911492,0.000000,1,1,0.999967,0.000000,1,0.255732,1
16951933,0.000000,1,1,0.999967,0.000000,1,0.382232,1
16994273,0.000000,0,1,0.999967,0.000000,1,0.493966,1
17035394,0.000000,0,1,0.999967,0.000000,1,0.621516,1
17075853,0.000000,0,1,0.999967,0.000000,1,0.688983,1
17119230,0.000000,0,1,0.999967,0.000000,1,0.797567,1
17164104,0.000000,0,1,0.999967,0.000000,1,0.898767,1
17204389,0.000000,0,1,0.999967,0.000000,1,0.957800,1
17242548,0.000000,0,1,0.999967,0.000000,1,0.983100,1
17284863,0.000000,0,1,0.999967,0.000000,1,0.999967,1
17326181,0.000000,0,1,0.949367,0.000000,1,0.999967,1
17369254,0.000000,0,1,0.907200,0.000000,1,0.999967,1
17412550,0.000000,0,1,0.856600,0.000000,1,0.999967,1
17455131,0.000000,1,1,0.789133,0.000000,1,0.999967,1
17493324,0.000000,1,1,0.738533,0.000000,1,0.999967,1
17534957,0.000000,1,1,0.680550,0.000000,1,0.999967,1
17578020,0.000000,1,1,0.621516,0.000000,1,0.999967,1
17620684,0.000000,1,1,0.569866,0.000000,1,0.999967,1
17662556,0.000000,1,1,0.527699,0.000000,1,0.999967,1
17702803,0.000000,1,1,0.441266,0.000000,1,0.999967,1
17743070,0.000000,1,1,0.365366,0.000000,1,0.999967,1
17785248,0.000000,1,1,0.289465,0.000000,1,0.999967,1
17826510,0.000000,1,1,0.196699,0.000000,1,0.999967,1
17868321,0.000000,1,1,0.170348,0.000000,1,0.999967,1
17911303,0.000000,1,1,0.094448,0.000000,1,0.999967,1
17952290,0.000000,1,1,-0.000000,0.000000,1,0.999967,1
17992817,0.000000,1,1,-0.017531,0.000000,1,0.999967,1
18035519,0.000000,1,1,-0.127164,0.000000,1,0.999967,1
18077086,0.000000,1,1,-0.252615,0.000000,1,0.999967,1
18118412,0.000000,1,1,-0.363298,0.000000,1,0.999967,1
18161662,0.000000,1,1,-0.466599,0.000000,1,0.999967,1
18202406,0.000000,1,1,-0.601532,0.000000,1,0.999967,1
18242705,0.000000,1,1,-0.677432,0.000000,1,0.999967,1
18285472,0.000000,1,1,-0.779683,0.000000,1,0.999967,1
18326025,0.000000,1,1,-0.907233,0.000000,1,0.999967,1
18369177,0.000000,1,1,-1.000000,0.000000,1,0.966234,1
18414757,0.000000,1,1,-1.000000,0.000000,1,0.873467,1
18452081,0.000000,1,1,-1.000000,0.000000,1,0.755400,1
18493357,0.000000,1,1,-1.000000,0.000000,1,0.655250,1
18535106,0.000000,1,1,-1.000000,0.000000,1,0.527699,1
18576309,0.000000,1,1,-1.000000,0.000000,1,0.424399,1
18619663,0.000000,1,1,-1.000000,0.000000,1,0.340066,1
18662983,0.000000,1,1,-1.000000,0.000000,1,0.281032,1
18702059,0.000000,1,1,-1.000000,0.000000,1,0.178782,1
18742669,0.000000,1,1,-1.000000,0.000000,1,0.136615,1
18784904,0.000000,1,1,-1.000000,0.000000,1,0.051231,1
18826868,0.000000,1,1,-1.000000,0.000000,1,0.000000,1
18872181,0.000000,0,1,-1.000000,0.000000,1,0.000000,1
18911461,0.000000,0,1,-1.000000,0.000000,1,0.000000,1
18952350,0.000000,0,1,-1.000000,0.000000,1,-0.025964,1
18993022,0.000000,0,1,-1.000000,0.000000,1,-0.076564,1
19035100,0.000000,0,1,-1.000000,0.000000,1,-0.127164,1
19075964,0.000000,0,1,-1.000000,0.000000,1,-0.152465,1
19118455,0.000000,0,1,-1.000000,0.000000,1,-0.177765,1
19162303,0.000000,0,1,-1.000000,0.000000,1,-0.186198,1
19202185,0.000000,0,1,-1.000000,0.000000,1,-0.186198,1
19242532,0.000000,0,1,-1.000000,0.000000,1,-0.186198,1
19285780,0.000000,0,1,-1.000000,0.000000,1,-0.186198,1
19326086,0.000000,0,1,-1.000000,0.000000,1,-0.186198,1
19368319,0.000000,0,1,-1.000000,0.000000,1,-0.177765,1
19412399,0.000000,0,1,-1.000000,0.000000,1,-0.144031,1
19453159,0.000000,0,1,-1.000000,0.000000,1,-0.076564,1
19494896,0.000000,0,1,-1.000000,0.000000,1,-0.017531,1
19536089,0.000000,0,1,-1.000000,0.000000,1,0.000000,1
19576928,0.000000,0,1,-1.000000,0.000000,1,0.000000,1
19620104,0.000000,0,1,-1.000000,0.000000,1,0.000000,1
19662084,0.000000,0,1,-1.000000,0.000000,1,0.034365,1
19702846,0.000000,0,1,-1.000000,0.000000,1,0.111315,1
19743696,0.000000,0,1,-1.000000,0.000000,1,0.170348,1
19784818,0.000000,0,1,-1.000000,0.000000,1,0.205132,1
19826524,0.000000,0,1,-1.000000,0.000000,1,0.230432,1
19868214,0.000000,0,1,-1.000000,0.000000,1,0.264165,1
19911598,0.000000,0,1,-1.000000,0.000000,1,0.297899,1
19952259,0.000000,0,1,-1.000000,0.000000,1,0.356932,1
19993908,0.000000,0,1,-1.000000,0.000000,1,0.382232,1
20035165,0.000000,0,1,-1.000000,0.000000,1,0.415966,1
20075959,0.000000,0,1,-1.000000,0.000000,1,0.458133,1
20117938,0.000000,0,1,-1.000000,0.000000,1,0.485533,1
20162760,0.000000,0,1,-1.000000,0.000000,1,0.527699,1
20203240,0.000000,0,1,-1.000000,0.000000,1,0.561433,1
20243184,0.000000,0,1,-1.000000,0.000000,1,0.578300,1
20285544,0.000000,0,1,-1.000000,0.000000,1,0.604650,1
20326279,0.000000,0,1,-1.000000,0.000000,1,0.638383,1
20369261,0.000000,0,1,-1.000000,0.000000,1,0.680550,1
20411046,0.000000,0,1,-1.000000,0.000000,1,0.705850,1
20454788,0.000000,0,1,-1.000000,0.000000,1,0.738533,1
20493207,0.000000,0,1,-1.000000,0.000000,1,0.772267,1
20535732,0.000000,0,1,-1.000000,0.000000,1,0.814433,1
20576614,0.000000,0,1,-1.000000,0.000000,1,0.865034,1
20619923,0.000000,0,1,-1.000000,0.000000,1,0.907200,1
20662404,0.000000,0,1,-1.000000,0.000000,1,0.957800,1
20703504,0.000000,0,1,-0.991567,0.000000,1,0.999967,1
20743588,0.000000,0,1,-0.957833,0.000000,1,0.999967,1
20786231,0.000000,0,1,-0.940967,0.000000,1,0.999967,1
20827587,0.000000,0,1,-0.924100,0.000000,1,0.999967,1
20869240,0.000000,0,1,-0.907233,0.000000,1,0.999967,1
20913074,0.000000,0,1,-0.881933,0.000000,1,0.999967,1
20952050,0.000000,0,1,-0.855583,0.000000,1,0.999967,1
20993203,0.000000,0,1,-0.830283,0.000000,1,0.999967,1
21035923,0.000000,0,1,-0.804983,0.000000,1,0.999967,1
21076298,0.000000,0,1,-0.771249,0.000000,1,0.999967,1
21118271,0.000000,0,1,-0.745949,0.000000,1,0.999967,1
21159954,0.000000,0,1,-0.711166,0.000000,1,0.999967,1
21202206,0.000000,0,1,-0.685866,0.000000,1,0.999967,1
21242545,0.000000,0,1,-0.652132,0.000000,1,0.999967,1
21285162,0.000000,0,1,-0.626832,0.000000,1,0.999967,1
21326335,0.000000,0,1,-0.601532,0.000000,1,0.999967,1
21368631,0.000000,0,1,-0.584666,0.000000,1,0.999967,1
21411813,0.000000,0,1,-0.559366,0.000000,1,0.999967,1
21452595,0.000000,0,1,-0.542499,0.000000,1,0.999967,1
21493834,0.000000,0,1,-0.525632,0.000000,1,0.999967,1
21537968,0.000000,0,1,-0.508765,0.000000,1,0.999967,1
21578843,0.000000,0,1,-0.491899,0.000000,1,0.999967,1
21619972,0.000000,0,1,-0.483465,0.000000,1,0.999967,1
21664226,0.000000,0,1,-0.466599,0.000000,1,0.999967,1
21705781,0.000000,0,1,-0.456065,0.000000,1,0.999967,1
21744644,0.000000,0,1,-0.456065,0.000000,1,0.999967,1
21786782,0.000000,0,1,-0.447632,0.000000,1,0.999967,1
21827616,0.000000,0,1,-0.447632,0.000000,1,0.999967,1
21869471,0.000000,0,1,-0.447632,0.000000,1,0.999967,1
21912441,0.000000,0,1,-0.447632,0.000000,1,0.999967,1
21953284,0.000000,0,1,-0.447632,0.000000,1,0.999967,1
21993695,0.000000,0,1,-0.447632,0.000000,1,0.999967,1
22040122,0.000000,0,1,-0.447632,0.000000,1,0.999967,1
22080027,0.000000,0,1,-0.447632,0.000000,1,0.999967,1
22119759,0.000000,0,1,-0.447632,0.000000,1,0.999967,1
22166726,0.000000,0,1,-0.447632,0.000000,1,0.999967,1
22203462,0.000000,0,1,-0.447632,0.000000,1,0.999967,1
22248148,0.000000,0,1,-0.447632,0.000000,1,0.999967,1
22290602,0.000000,0,1,-0.447632,0.000000,1,0.999967,1
22329628,0.000000,0,1,-0.447632,0.000000,1,0.999967,1
22370785,0.000000,0,1,-0.447632,0.000000,1,0.999967,1
22414522,0.000000,0,1,-0.466599,0.000000,1,0.999967,1
22453970,0.000000,0,1,-0.475032,0.000000,1,0.999967,1
22495688,0.000000,0,1,-0.491899,0.000000,1,0.999967,1
22537646,0.000000,0,1,-0.491899,0.000000,1,0.999967,1
22578391,0.000000,0,1,-0.500332,0.000000,1,0.999967,1
22624084,0.000000,0,1,-0.508765,0.000000,1,0.999967,1
22663972,0.000000,0,1,-0.517199,0.000000,1,0.999967,1
22706577,0.000000,0,1,-0.534065,0.000000,1,0.999967,1
22744969,0.000000,0,1,-0.542499,0.000000,1,0.999967,1
22787090,0.000000,0,1,-0.559366,0.000000,1,0.999967,1
22827587,0.000000,0,1,-0.576232,0.000000,1,0.999967,1
22868869,0.000000,0,1,-0.593099,0.000000,1,0.999967,1
22910745,0.000000,0,1,-0.601532,0.000000,1,0.999967,1
22955716,0.000000,0,1,-0.618399,0.000000,1,0.999967,1
22994596,0.000000,0,1,-0.635266,0.000000,1,0.999967,1
23037340,0.000000,0,1,-0.652132,0.000000,1,0.999967,1
23076893,0.000000,0,1,-0.668999,0.000000,1,0.999967,1
23118885,0.000000,0,1,-0.677432,0.000000,1,0.999967,1
23162921,0.000000,0,1,-0.694299,0.000000,1,0.999967,1
23203739,0.000000,0,1,-0.719599,0.000000,1,0.999967,1
23244484,0.000000,0,1,-0.737516,0.000000,1,0.999967,1
23288946,0.028322,0,1,-0.754383,0.000000,1,0.999967,1
23328030,0.067538,0,1,-0.762816,0.000000,1,0.999967,1
23370093,0.128540,0,1,-0.779683,0.000000,1,0.999967,1
23415425,0.172113,0,1,-0.796549,0.000000,1,0.999967,1
23453575,0.254902,0,1,-0.821850,0.000000,1,0.999967,1
23495093,0.302832,0,1,-0.838716,0.000000,1,0.999967,1
23537536,0.359477,0,1,-0.855583,0.000000,1,0.999967,1
23582793,0.403050,0,1,-0.864016,0.000000,1,0.999967,1
23621124,0.455338,0,0,-0.881933,0.000000,1,0.999967,1
23663372,0.503268,0,0,-0.898800,0.000000,1,0.999967,1
23703069,0.538126,0,0,-0.924100,0.000000,1,0.999967,1
23743423,0.590414,0,0,-0.932533,0.000000,1,0.999967,1
23785809,0.638344,0,0,-0.949400,0.000000,1,0.999967,1
23828081,0.681917,0,0,-0.966267,0.000000,1,0.999967,1
23869014,0.729848,0,0,-0.983133,0.000000,1,0.999967,1
23912687,0.751634,0,0,-1.000000,0.000000,1,0.999967,1
23952652,0.790850,0,0,-1.000000,0.000000,1,0.983100,1
23994026,0.812636,0,0,-1.000000,0.000000,1,0.966234,1
24037150,0.838780,0,0,-1.000000,0.000000,1,0.949367,1
24076820,0.869281,0,0,-1.000000,0.000000,1,0.932500,1
24119013,0.877996,0,0,-1.000000,0.000000,1,0.924067,1
24163327,0.895425,0,0,-1.000000,0.000000,1,0.915634,1
24202777,0.921569,0,0,-1.000000,0.000000,1,0.898767,1
24243276,0.956427,0,0,-1.000000,0.000000,1,0.890334,1
24289342,0.969499,0,0,-1.000000,0.000000,1,0.881900,1
24326988,0.986928,0,0,-1.000000,0.000000,1,0.873467,1
24369027,0.986928,0,0,-1.000000,0.000000,1,0.856600,1
24412500,1.000000,0,0,-1.000000,0.000000,1,0.839733,1
24452884,1.000000,0,0,-1.000000,0.000000,1,0.831300,1
24494316,1.000000,0,0,-1.000000,0.000000,1,0.822867,1
24535840,1.000000,0,0,-1.000000,0.000000,1,0.822867,1
24576812,1.000000,0,0,-1.000000,0.000000,1,0.814433,1
24618994,1.000000,0,0,-1.000000,0.000000,1,0.806000,1
24662655,1.000000,0,0,-1.000000,0.000000,1,0.789133,1
24702410,1.000000,0,0,-1.000000,0.000000,1,0.780700,1
24743453,1.000000,0,0,-1.000000,0.000000,1,0.772267,1
24785750,1.000000,0,0,-1.000000,0.000000,1,0.763833,1
24827470,1.000000,0,0,-1.000000,0.000000,1,0.746967,1
24871450,1.000000,0,0,-1.000000,0.738533,0,0.000000,0
24912862,1.000000,0,0,-1.000000,0.731150,0,0.000000,0
24952932,1.000000,0,0,-1.000000,0.714283,0,0.000000,0
24993970,1.000000,0,0,-1.000000,0.705850,0,0.000000,0
25036080,1.000000,0,0,-1.000000,0.697417,0,0.000000,0
25076861,1.000000,0,0,-1.000000,0.688983,0,0.000000,0
25118730,1.000000,0,0,-1.000000,0.680550,0,0.000000,0
25162497,1.000000,0,0,-1.000000,0.672117,0,0.000000,0
25202918,1.000000,0,0,-1.000000,0.663683,0,0.000000,0
25243359,1.000000,0,0,-1.000000,0.663683,0,0.000000,0
25285848,1.000000,0,0,-1.000000,0.663683,0,0.000000,0
25327310,1.000000,0,0,-1.000000,0.655250,0,0.000000,0
25369486,1.000000,0,0,-1.000000,0.655250,0,0.000000,0
25413049,1.000000,0,0,-1.000000,0.655250,0,0.000000,0
25452335,1.000000,0,0,-1.000000,0.646816,0,0.000000,0
25494198,1.000000,0,0,-1.000000,0.646816,0,0.000000,0
25536011,1.000000,0,0,-1.000000,0.646816,0,0.000000,0
25577038,1.000000,0,0,-1.000000,0.646816,0,0.000000,0
25618809,1.000000,0,0,-1.000000,0.646816,0,0.000000,0
25663502,1.000000,0,0,-1.000000,0.646816,0,0.000000,0
25703208,1.000000,0,0,-1.000000,0.638383,0,0.000000,0
25743545,1.000000,0,0,-1.000000,0.638383,0,0.000000,0
25785773,1.000000,0,0,-1.000000,0.621516,0,0.000000,0
25827809,1.000000,0,0,-1.000000,0.613083,0,0.000000,0
25868878,1.000000,0,0,-1.000000,0.604650,0,0.000000,0
25912244,1.000000,0,0,-1.000000,0.621516,0,0.000000,0
25953135,1.000000,0,0,-0.991567,0.621516,0,0.000000,0
25993671,1.000000,0,0,-0.864016,0.586733,0,0.000000,0
26035865,1.000000,0,0,-0.719599,0.527699,0,0.000000,0
26077016,1.000000,0,0,-0.042831,0.086015,0,0.000000,0
26118956,1.000000,0,0,0.348499,-0.218881,0,0.000000,0
26163137,1.000000,0,0,-0.000000,0.000000,0,0.000000,0
26203099,1.000000,0,0,-0.076564,0.205132,0,0.000000,0
26243465,1.000000,0,0,0.034365,-0.017531,0,0.000000,0
26285766,1.000000,0,0,-0.000000,0.000000,0,0.000000,0
26326862,1.000000,0,0,-0.000000,0.000631,0,0.000000,0
26369799,1.000000,0,0,-0.000000,0.000000,0,0.000000,0
26412943,1.000000,0,0,-0.000000,0.000000,0,0.000000,0
26453470,1.000000,0,0,-0.000000,0.000000,0,0.000000,0
26494584,1.000000,0,0,-0.000000,0.000000,0,0.000000,0
26535851,1.000000,0,0,-0.000000,0.000000,0,0.000000,0
26576883,1.000000,0,0,-0.000000,0.000000,0,0.000000,0
26618883,1.000000,0,0,-0.000000,0.000000,0,0.000000,0
26661961,1.000000,0,0,-0.000000,0.000000,0,0.000000,0
26703047,1.000000,0,0,-0.000000,0.000000,0,0.000000,0
26743346,1.000000,0,0,-0.000000,0.000000,0,0.000000,0
26786016,1.000000,0,0,-0.000000,0.000000,0,0.000000,0
26827602,1.000000,0,0,-0.000000,0.000000,0,0.000000,0
26868951,1.000000,0,0,-0.000000,0.000000,0,0.000000,0
26912755,1.000000,0,0,-0.000000,0.000000,0,0.000000,0
26954169,1.000000,0,0,-0.000000,0.000000,0,0.000000,0
26994748,1.000000,0,0,-0.000000,0.000000,0,0.000000,0
27037669,1.000000,0,0,-0.000000,0.000000,0,0.000000,0
27080506,1.000000,0,0,-0.000000,0.000000,0,0.000000,0
27119343,1.000000,0,0,-0.000000,0.000000,0,0.000000,0
27166841,1.000000,0,0,-0.000000,0.000000,0,0.000000,0
27203678,1.000000,0,0,-0.000000,0.000000,0,0.000000,0
27244382,1.000000,0,0,-0.000000,0.000000,0,0.000000,0
27286150,1.000000,0,0,-0.000000,0.000000,0,0.000000,0
27327301,1.000000,0,0,-0.000000,0.000000,0,0.000000,0
27369969,1.000000,0,0,-0.000000,0.000000,0,0.000000,0
27410142,1.000000,0,0,-0.000000,0.000000,0,0.000000,0
27453413,1.000000,0,0,-0.000000,0.000000,0,0.000000,0
27494439,1.000000,0,0,-0.000000,0.000000,0,0.000000,0
27536643,1.000000,0,0,-0.000000,0.000000,0,0.000000,0
27577259,1.000000,0,0,-0.000000,0.000000,0,0.000000,0
27620320,1.000000,0,0,-0.000000,0.000000,0,0.000000,0
27663375,1.000000,0,0,-0.000000,0.000000,0,0.000000,0
27705203,1.000000,0,0,-0.000000,0.000000,0,0.000000,0
27744505,1.000000,0,0,-0.000000,0.000000,0,0.000000,0
27787526,1.000000,0,0,-0.000000,0.000000,0,0.000000,0
27829390,1.000000,0,0,-0.000000,0.000000,0,0.000000,0
27870154,1.000000,0,0,-0.000000,0.000000,0,0.000000,0
27913747,1.000000,0,0,-0.000000,0.000000,0,0.000000,0
27956328,1.000000,0,0,-0.000000,0.000000,0,0.000000,0
27994532,1.000000,0,0,-0.000000,0.000000,0,0.000000,0
28036557,1.000000,0,0,-0.000000,0.000631,0,0.000000,0
28077864,1.000000,0,0,-0.000000,0.178782,0,0.000000,0
28119831,1.000000,0,0,0.042798,0.289465,0,0.000000,0
28163694,1.000000,0,0,0.136615,0.432832,0,0.000000,0
28205145,1.000000,0,0,0.221999,0.552999,0,0.000000,0
28246375,1.000000,0,0,0.289465,0.672117,0,0.000000,0
28293506,1.000000,0,0,0.297899,0.780700,0,0.000000,0
28330726,1.000000,0,0,0.264165,0.865034,0,0.000000,0
28374679,1.000000,0,0,0.213565,0.940934,0,0.000000,0
28415355,1.000000,0,0,0.205132,0.966234,0,0.000000,0
28456688,1.000000,0,0,0.187215,0.999967,0,0.000000,0
28498502,1.000000,0,0,0.170348,0.999967,0,0.000000,0
28540406,1.000000,0,0,0.153482,0.999967,0,0.000000,0
28581292,1.000000,0,0,0.136615,0.999967,0,0.000000,0
28625346,1.000000,0,0,0.119748,0.999967,0,0.000000,0
28664046,1.000000,0,0,0.094448,0.999967,0,0.000000,0
28706657,1.000000,0,0,0.069148,0.881900,0,0.000000,0
28748486,1.000000,0,0,0.034365,0.493966,0,0.000000,0
28791249,1.000000,0,0,-0.000000,0.042798,0,0.000000,0
28832517,1.000000,0,0,-0.034398,-0.244181,0,0.000000,0
28875573,1.000000,0,0,-0.000000,0.119748,0,0.000000,0
28915104,1.000000,0,0,-0.000000,0.000000,0,0.000000,0
28957133,1.000000,0,0,-0.000000,0.000000,0,0.000000,0
28998386,1.000000,0,0,-0.000000,0.017498,0,0.000000,0
29039823,1.000000,0,0,-0.000000,0.000000,0,0.000000,0
29080977,1.000000,0,0,-0.000000,0.000000,0,0.000000,0
29124473,1.000000,0,0,-0.000000,0.000000,0,0.000000,0
29164318,1.000000,0,0,-0.000000,0.000000,0,0.000000,0
29206551,1.000000,0,0,-0.000000,0.000000,0,0.000000,0
29247288,1.000000,0,0,-0.000000,0.000000,0,0.000000,0
29289549,1.000000,0,0,-0.000000,0.000000,0,0.000000,0
29330733,1.000000,0,0,-0.000000,0.000000,0,0.000000,0
29374933,1.000000,0,0,-0.000000,0.000000,0,0.000000,0
29415333,1.000000,0,0,-0.000000,0.000000,0,0.000000,0
29456916,1.000000,0,0,-0.000000,0.000000,0,0.000000,0
29498075,1.000000,0,0,-0.000000,0.000000,0,0.000000,0
29539698,1.000000,0,0,-0.000000,0.000000,0,0.000000,0
29580837,1.000000,0,0,-0.000000,0.000000,0,0.000000,0
29624651,1.000000,0,0,-0.000000,0.000000,0,0.000000,0
29664153,1.000000,0,0,-0.000000,0.000000,0,0.000000,0
29706975,1.000000,0,0,-0.000000,0.000000,0,0.000000,0
29750397,1.000000,0,0,-0.000000,0.000000,0,0.000000,0
29790012,1.000000,0,0,-0.000000,0.000000,0,0.000000,0
29832275,1.000000,0,0,-0.000000,0.000000,0,0.000000,0
29875294,1.000000,0,0,-0.000000,0.000000,0,0.000000,0
29915026,1.000000,0,0,-0.000000,0.000000,0,0.000000,0
29957448,1.000000,0,0,-0.000000,0.000000,0,0.000000,0
29998727,1.000000,0,0,-0.000000,0.000000,0,0.000000,0
30040586,1.000000,0,0,-0.000000,0.000000,0,0.000000,0
30081961,1.000000,0,0,-0.000000,0.000000,0,0.000000,0
30125255,1.000000,0,0,-0.000000,0.000000,0,0.000000,0
30166008,1.000000,0,0,-0.000000,0.000000,0,0.000000,0
30206684,1.000000,0,0,-0.000000,0.000000,0,0.000000,0
30247549,1.000000,0,0,-0.000000,0.000000,0,0.000000,0
30289620,1.000000,0,0,-0.000000,0.000000,0,0.000000,0
30331328,1.000000,0,0,-0.000000,0.000000,0,0.000000,0
30376115,1.000000,0,0,-0.000000,0.000000,0,0.000000,0
30415955,1.000000,0,0,-0.000000,0.000000,0,0.000000,0
30457987,1.000000,0,0,-0.000000,0.000000,0,0.000000,0
30499379,1.000000,0,0,-0.000000,0.000000,0,0.000000,0
30540499,1.000000,0,0,-0.000000,0.000000,0,0.000000,0
30580621,1.000000,0,0,-0.000000,0.000000,0,0.000000,0
30624597,1.000000,0,0,-0.000000,0.000000,0,0.000000,0
30664133,1.000000,0,0,-0.000000,0.000000,0,0.000000,0
30706510,1.000000,0,0,-0.000000,0.000000,0,0.000000,0
30747321,1.000000,0,0,-0.000000,0.000000,0,0.000000,0
30790393,1.000000,0,0,-0.000000,0.000000,0,0.000000,0
30832057,1.000000,0,0,-0.000000,0.000000,0,0.000000,0
30874551,1.000000,0,0,-0.000000,0.000000,0,0.000000,0
30916340,1.000000,0,0,-0.000000,0.000000,0,0.000000,0
30956545,1.000000,0,0,-0.000000,0.000000,0,0.000000,0
30998008,1.000000,0,0,-0.000000,0.000000,0,0.000000,0
31039998,1.000000,0,0,-0.000000,0.000000,0,0.000000,0
31081126,1.000000,0,0,-0.000000,0.000000,0,0.000000,0
31123639,1.000000,0,0,-0.000000,0.000000,0,0.000000,0
31165056,1.000000,0,0,-0.000000,0.000000,0,0.000000,0
31206858,1.000000,0,0,-0.000000,0.000000,0,0.000000,0
31247338,1.000000,0,0,-0.000000,0.000000,0,0.000000,0
31290142,1.000000,0,0,-0.000000,0.000000,0,0.000000,0
31330937,1.000000,0,0,-0.000000,-0.034398,0,0.000000,0
31374863,1.000000,0,0,-0.000000,-0.135598,0,0.000000,0
31414948,1.000000,0,0,-0.000664,-0.227315,0,0.000000,0
31456924,1.000000,0,0,-0.009098,-0.346432,0,0.000000,0
31498474,1.000000,0,0,-0.025964,-0.413898,0,0.000000,0
31542080,1.000000,0,0,-0.042831,-0.456065,0,0.000000,0
31580888,1.000000,0,0,-0.068131,-0.508765,0,0.000000,0
31625525,1.000000,0,0,-0.110298,-0.576232,0,0.000000,0
31662934,1.000000,0,0,-0.144031,-0.618399,0,0.000000,0
31706899,1.000000,0,0,-0.152465,-0.652132,0,0.000000,0
31747424,1.000000,0,0,-0.152465,-0.660566,0,0.000000,0
31793734,1.000000,0,0,-0.152465,-0.668999,0,0.000000,0
31831326,1.000000,0,0,-0.152465,-0.677432,0,0.000000,0
31874792,1.000000,0,0,-0.152465,-0.711166,0,0.000000,0
31914220,1.000000,0,0,-0.152465,-0.737516,0,0.000000,0
31956844,1.000000,0,0,-0.152465,-0.771249,0,0.000000,0
31997391,1.000000,0,0,-0.152465,-0.796549,0,0.000000,0
32039637,1.000000,0,0,-0.152465,-0.804983,0,0.000000,0
32081149,1.000000,0,0,-0.152465,-0.804983,0,0.000000,0
32124907,1.000000,0,0,-0.144031,-0.804983,0,0.000000,0
32166130,1.000000,0,0,-0.144031,-0.804983,0,0.000000,0
32206323,1.000000,0,0,-0.093431,-0.779683,0,0.000000,0
32247971,1.000000,0,0,-0.059698,-0.694299,0,0.000000,0
32290138,1.000000,0,0,-0.009098,-0.567799,0,0.000000,0
32330802,1.000000,0,0,-0.000000,-0.447632,0,0.000000,0
32375473,1.000000,0,0,-0.000000,0.000000,0,0.000000,0
32415111,1.000000,0,0,-0.000000,0.086015,0,0.000000,0
32456211,1.000000,0,0,-0.000000,0.000000,0,0.000000,0
32497519,1.000000,0,0,-0.000000,0.000000,0,0.000000,0
32539562,1.000000,0,0,-0.000000,0.000000,0,0.000000,0
32581001,1.000000,0,0,-0.000000,0.000000,0,0.000000,0
32624958,1.000000,0,0,-0.000000,0.000000,0,0.000000,0
32664248,1.000000,0,0,-0.000000,0.000000,0,0.000000,0
32706682,1.000000,0,0,-0.000000,0.000000,0,0.000000,0
32748456,1.000000,0,0,-0.000000,0.000000,0,0.000000,0
32790765,1.000000,0,0,-0.000000,0.000000,0,0.000000,0
32832107,1.000000,0,0,-0.000000,0.000000,0,0.000000,0
32879719,1.000000,0,0,-0.000000,0.000000,0,0.000000,0
32914827,1.000000,0,0,-0.000000,0.000000,0,0.000000,0
32961755,1.000000,0,1,-0.000000,0.000000,0,0.000000,0
32998719,1.000000,0,1,-0.000000,0.000000,0,0.000000,0
33040448,1.000000,0,1,-0.000000,0.000000,0,0.000000,0
33082143,1.000000,0,1,-0.000000,0.000000,0,0.000000,0
33126007,1.000000,0,1,-0.000000,0.000000,0,0.000000,0
33164671,1.000000,0,1,-0.000000,0.000000,0,0.000000,0
33206470,1.000000,0,1,-0.000000,0.000000,0,0.000000,0
33247558,1.000000,0,1,-0.000000,0.000000,0,0.000000,0
33290124,1.000000,0,1,-0.000000,0.000000,0,0.000000,0
33330976,1.000000,0,1,-0.000000,0.000000,0,0.000000,0
33375042,1.000000,0,1,-0.000000,0.000000,0,0.000000,0
33414673,1.000000,0,1,-0.000000,0.000000,0,0.000000,0
33456309,1.000000,0,1,-0.000000,0.000000,0,0.000000,0
33500144,1.000000,0,1,-0.000000,0.000000,0,0.000000,0
33541021,1.000000,0,1,-0.000000,0.000000,0,0.000000,0
33581763,1.000000,0,1,-0.000000,0.000000,0,0.000000,0
33625555,1.000000,0,1,-0.000000,0.000000,0,0.000000,0
33666298,1.000000,0,1,-0.000000,0.000000,0,0.000000,0
33707875,1.000000,0,1,-0.000000,0.000000,0,0.000000,0
33747302,1.000000,0,1,-0.000000,0.000000,0,0.000000,0
33789611,1.000000,0,1,-0.000000,0.000000,0,0.000000,0
33834515,1.000000,0,1,-0.000000,0.000000,0,0.000000,0
33873035,1.000000,0,1,-0.000000,0.000000,0,0.000000,0
33914832,1.000000,0,1,-0.000000,0.000000,0,0.000000,0
33956941,1.000000,0,1,-0.000000,0.000000,0,0.000000,0
33998124,1.000000,0,1,-0.000000,0.000000,0,0.000000,0
34039792,1.000000,0,1,-0.000000,0.000000,0,0.000000,0
34080843,1.000000,0,1,-0.000000,0.000000,0,0.000000,0
34125238,1.000000,0,1,-0.000000,0.000000,0,0.000000,0
34164593,1.000000,0,1,-0.000000,0.000000,0,0.000000,0
34206866,1.000000,0,1,-0.000000,0.000000,0,0.000000,0
34247598,1.000000,0,1,-0.000000,0.000000,0,0.000000,0
34289717,1.000000,0,1,-0.000000,0.000000,0,0.000000,0
34330723,1.000000,0,1,-0.000000,0.000000,0,0.000000,0
34374918,1.000000,0,1,-0.000000,0.000000,0,0.000000,0
34414417,1.000000,0,1,-0.000000,0.000000,0,0.000000,0
34457204,1.000000,0,1,-0.000000,0.000000,0,0.000000,0
34498391,1.000000,0,1,-0.000000,0.000000,0,0.000000,0
34539574,1.000000,0,1,-0.000000,0.000000,0,0.000000,0
34580756,1.000000,0,1,-0.000000,0.000000,0,0.000000,0
34625264,1.000000,0,1,-0.000000,0.000000,0,0.000000,0
34667483,1.000000,0,1,-0.000000,0.000000,0,0.000000,0
34706369,1.000000,0,1,-0.000000,0.000000,0,0.000000,0
34747850,1.000000,0,1,-0.000000,0.000000,0,0.000000,0
34789581,1.000000,0,1,-0.000000,0.000000,0,0.000000,0
34831421,1.000000,0,1,-0.000000,0.000000,0,0.000000,0
34875089,1.000000,0,1,-0.000000,0.000000,0,0.000000,0
34914337,1.000000,0,1,-0.000000,0.000000,0,0.000000,0
34958359,1.000000,0,1,-0.000000,0.000000,0,0.000000,0
34997745,1.000000,0,1,-0.000000,0.000000,0,0.000000,0
35039620,1.000000,0,1,-0.000000,0.000000,0,0.000000,0
35081167,1.000000,0,1,-0.000000,0.000000,0,0.000000,0
35124851,1.000000,0,1,-0.000000,0.000000,0,0.000000,0
35164784,1.000000,0,1,-0.000000,0.000000,0,0.000000,0
35206964,1.000000,0,1,-0.000000,0.000000,0,0.000000,0
35247349,1.000000,0,1,-0.000000,0.000000,0,0.000000,0
35289899,1.000000,0,1,-0.000000,0.000000,0,0.000000,0
35330672,1.000000,0,1,-0.000000,0.000000,0,0.000000,0
35375121,1.000000,0,1,-0.000000,0.000000,0,0.000000,0
35414488,1.000000,0,1,-0.000000,0.000000,0,0.000000,0
35457455,1.000000,0,1,-0.000000,0.000000,0,0.000000,0
35498171,1.000000,0,1,-0.000000,0.000000,0,0.000000,0
35540176,1.000000,0,1,-0.000000,0.000000,0,0.000000,0
35580704,1.000000,0,1,-0.000000,0.000000,0,0.000000,0
35627468,1.000000,0,1,-0.000000,0.000000,0,0.000000,0
35665187,1.000000,0,1,-0.000000,0.000000,0,0.000000,0
35708365,1.000000,0,1,-0.000000,0.000000,0,0.000000,0
35748727,1.000000,0,1,-0.000000,0.000000,0,0.000000,0
35791139,1.000000,0,1,-0.000000,0.000000,0,0.000000,0
35832085,1.000000,0,1,-0.000000,0.000000,0,0.000000,0
35876284,1.000000,0,1,-0.000000,0.000000,0,0.000000,0
35917687,1.000000,0,1,-0.000000,0.000000,0,0.000000,0
35958254,1.000000,0,1,-0.000000,0.000000,0,0.000000,0
35998705,1.000000,0,1,-0.000000,0.000000,0,0.000000,0
36042112,1.000000,0,1,-0.000000,0.000000,0,0.000000,0
36081867,1.000000,0,1,-0.000000,0.000000,0,0.000000,0
36126081,1.000000,0,1,-0.000000,0.000000,0,0.000000,0
36166516,1.000000,0,1,-0.000000,0.000000,0,0.000000,0
36207310,1.000000,0,1,-0.000000,0.000000,0,0.000000,0
36248045,1.000000,0,1,-0.000000,0.000000,0,0.000000,0
36295295,1.000000,0,0,-0.000000,0.000000,0,0.000000,0
36331785,1.000000,0,0,-0.000000,0.000000,0,0.000000,0
36376012,1.000000,0,0,-0.000000,0.000000,0,0.000000,0
36414533,1.000000,0,0,-0.000000,0.000000,0,0.000000,0
36457454,1.000000,0,0,-0.000000,0.000000,0,0.000000,0
36499195,1.000000,0,0,-0.000000,0.000000,0,0.000000,0
36541768,1.000000,0,0,-0.000000,0.000000,0,0.000000,0
36581532,1.000000,0,0,-0.000000,0.000000,0,0.000000,0
36625209,1.000000,0,0,-0.000000,0.000000,0,0.000000,0
36665507,1.000000,0,0,-0.000000,0.000000,0,0.000000,0
36708657,1.000000,0,0,-0.000000,0.000000,0,0.000000,0
36749060,1.000000,0,0,-0.000000,0.000000,0,0.000000,0
36790658,1.000000,0,0,-0.000000,0.000000,0,0.000000,0
36831957,1.000000,0,0,-0.000000,0.000000,0,0.000000,0
36875198,1.000000,0,0,-0.000000,0.000000,0,0.000000,0
36915617,1.000000,0,0,-0.000000,0.000000,0,0.000000,0
36956753,1.000000,0,0,-0.000000,0.000000,0,0.000000,0
36998104,1.000000,0,0,-0.000000,0.000000,0,0.000000,0
37041463,1.000000,0,0,-0.000000,0.000000,0,0.000000,0
37082096,1.000000,0,0,-0.000000,0.000000,0,0.000000,0
37126003,1.000000,0,0,-0.000000,0.000000,0,0.000000,0
37166389,1.000000,0,0,-0.000000,0.000000,0,0.000000,0
37207701,1.000000,0,0,-0.000000,0.000000,0,0.000000,0
37249139,1.000000,0,0,-0.000000,0.000000,0,0.000000,0
37290911,1.000000,0,0,-0.000000,0.000000,0,0.000000,0
37331121,1.000000,0,0,-0.000000,0.000000,0,0.000000,0
37376680,1.000000,0,0,-0.000000,0.000000,0,0.000000,0
37414923,1.000000,0,0,-0.000000,0.000000,0,0.000000,0
37457854,1.000000,0,0,-0.000000,0.000000,0,0.000000,0
37500128,1.000000,0,0,-0.000000,0.000000,0,0.000000,0
37539447,1.000000,0,0,-0.000000,0.000000,0,0.000000,0
37581719,1.000000,0,0,-0.000000,0.000000,0,0.000000,0
37625278,1.000000,0,0,-0.000000,0.000000,0,0.000000,0
37664842,1.000000,0,0,-0.000000,0.000000,0,0.000000,0
37710121,1.000000,0,0,-0.000000,0.000000,0,0.000000,0
37747672,1.000000,0,0,-0.000000,0.000000,0,0.000000,0
37789485,1.000000,0,0,-0.000000,0.000000,0,0.000000,0
37831535,1.000000,0,0,-0.000000,0.000000,0,0.000000,0
37878444,1.000000,0,0,-0.000000,0.000000,0,0.000000,0
37916677,0.899782,0,0,-0.000000,0.000000,0,0.000000,0
37957256,0.790850,0,0,-0.000000,0.000000,0,0.000000,0
37998565,0.751634,0,0,-0.000000,0.000000,0,0.000000,0
38040356,0.681917,0,0,-0.000000,0.000000,0,0.000000,0
38081308,0.616558,0,0,-0.000000,0.000000,0,0.000000,0
38125110,0.542484,0,0,-0.000000,0.000000,0,0.000000,0
38165090,0.411765,0,0,-0.000000,0.000000,0,0.000000,0
38207353,0.359477,0,0,-0.000000,0.000000,0,0.000000,0
38248263,0.276688,0,0,-0.000000,0.000000,0,0.000000,0
38290573,0.193900,0,0,-0.000000,0.000000,0,0.000000,0
38330166,0.124183,0,0,-0.000000,0.000000,0,0.000000,0
38374835,0.050109,0,0,-0.000000,0.000000,0,0.000000,0
39497855,-0.010893,0,0,-0.000000,0.000000,0,0.000000,0
39542598,-0.237473,0,0,-0.000000,0.000000,0,0.000000,0
39580995,-0.429194,0,0,-0.000000,0.000000,0,0.000000,0
39626488,-0.586057,0,0,-0.000000,0.000000,0,0.000000,0
39669276,-0.834423,0,0,-0.000000,0.000000,0,0.000000,0
39711048,-1.000000,0,0,-0.000000,0.000000,0,0.000000,0
39747604,-1.000000,0,0,-0.000000,0.000000,0,0.000000,0
39790432,-1.000000,0,0,-0.000000,0.000000,0,0.000000,0
39831929,-1.000000,0,0,-0.000000,0.000000,0,0.000000,0
39875383,-1.000000,0,0,-0.000000,0.000000,0,0.000000,0
39915477,-1.000000,0,0,-0.000000,0.000000,0,0.000000,0
39957076,-1.000000,0,0,-0.000000,0.000000,0,0.000000,0
39997591,-1.000000,0,0,-0.000000,0.000000,0,0.000000,0
40039745,-1.000000,0,0,-0.000000,0.000000,0,0.000000,0
40080823,-1.000000,0,0,-0.000000,0.000000,0,0.000000,0
40124697,-1.000000,0,0,-0.000000,0.000000,0,0.000000,0
40166383,-1.000000,0,0,-0.000000,0.000000,0,0.000000,0
40207577,-1.000000,0,0,-0.000000,0.000000,0,0.000000,0
40248178,-1.000000,0,0,-0.000000,0.000000,0,0.000000,0
40289853,-1.000000,0,0,-0.000000,0.000000,0,0.000000,0
40330339,-1.000000,0,0,-0.000000,0.000000,0,0.000000,0
40375778,-1.000000,0,0,-0.000000,0.000000,0,0.000000,0
40416534,-1.000000,0,0,-0.000000,0.000000,0,0.000000,0
40457446,-1.000000,0,0,-0.000000,0.000000,0,0.000000,0
40499551,-1.000000,0,0,-0.000000,0.000000,0,0.000000,0
40539709,-1.000000,0,0,-0.000000,0.000000,0,0.000000,0
40585299,-1.000000,0,0,-0.000000,0.000000,0,0.000000,0
40627172,-1.000000,0,0,-0.000000,0.000000,0,0.000000,0
40666179,-1.000000,0,0,-0.000000,0.000000,0,0.000000,0
40708438,-1.000000,0,0,-0.000000,0.000000,0,0.000000,0
40748767,-1.000000,0,0,-0.000000,0.000000,0,0.000000,0
40790539,-1.000000,0,0,-0.000000,0.000000,0,0.000000,0
40831802,-1.000000,0,0,-0.000000,0.000000,0,0.000000,0
40875436,-1.000000,0,0,-0.000000,0.000000,0,0.000000,0
40916063,-1.000000,0,0,-0.000000,0.000000,0,0.000000,0
40956504,-1.000000,0,0,-0.000000,0.000000,0,0.000000,0
40998049,-1.000000,0,0,-0.000000,0.000000,0,0.000000,0
41040187,-1.000000,0,0,-0.000000,0.000000,0,0.000000,0
41081203,-1.000000,0,0,-0.000000,0.000000,0,0.000000,0
41124453,-1.000000,0,0,-0.000000,0.000000,0,0.000000,0
41165413,-1.000000,0,0,-0.000000,0.000000,0,0.000000,0
41206913,-1.000000,0,0,-0.000000,0.000000,0,0.000000,0
41247457,-1.000000,0,0,-0.000000,0.000000,0,0.000000,0
41289740,-1.000000,0,0,-0.000000,0.000000,0,0.000000,0
41330789,-1.000000,0,0,-0.000000,0.000000,0,0.000000,0
41375458,-1.000000,0,0,-0.000000,0.000000,0,0.000000,0
41415375,-1.000000,0,0,-0.000000,0.000000,0,0.000000,0
41456563,-1.000000,0,0,-0.000000,0.000000,0,0.000000,0
41498583,-1.000000,0,0,-0.000000,0.000000,0,0.000000,0
41541002,-1.000000,0,0,-0.000000,0.000000,0,0.000000,0
41580464,-1.000000,0,0,-0.000000,0.000000,0,0.000000,0
41624445,-1.000000,0,0,-0.000000,0.000000,0,0.000000,0
41666136,-1.000000,0,0,-0.000000,0.000000,0,0.000000,0
41708174,-1.000000,0,0,-0.000000,0.000000,0,0.000000,0
41747553,-1.000000,0,0,-0.000000,0.000000,0,0.000000,0
41789764,-1.000000,0,0,-0.000000,0.000000,0,0.000000,0
41831224,-1.000000,0,0,-0.000000,0.000000,0,0.000000,0
41874291,-1.000000,0,0,-0.000000,0.000000,0,0.000000,0
41916382,-1.000000,0,0,-0.000000,0.000000,0,0.000000,0
41957975,-1.000000,0,0,-0.000000,0.000000,0,0.000000,0
41998927,-1.000000,0,0,-0.000000,0.000000,0,0.000000,0
42040300,-1.000000,0,0,-0.000000,0.000000,0,0.000000,0
42080894,-1.000000,0,0,-0.000000,0.000000,0,0.000000,0
42123420,-1.000000,0,0,-0.000000,0.000000,0,0.000000,0
42170219,-1.000000,0,0,-0.000000,0.000000,0,0.000000,0
42209011,-1.000000,0,0,-0.000000,0.000000,0,0.000000,0
42248845,-0.986928,0,0,-0.000000,0.000000,0,0.000000,0
42289977,-0.882353,0,0,-0.000000,0.000000,0,0.000000,0
42330781,-0.830065,0,0,-0.000000,0.000000,0,0.000000,0
42375041,-0.742919,0,0,-0.000000,0.000000,0,0.000000,0
42414974,-0.616558,0,0,-0.000000,0.000000,0,0.000000,0
42456284,-0.516340,0,0,-0.000000,0.000000,0,0.000000,0
42498808,-0.407407,0,0,-0.000000,0.000000,0,0.000000,0
42540038,-0.350763,0,0,-0.000000,0.000000,0,0.000000,0
42583331,-0.246187,0,0,-0.000000,0.000000,0,0.000000,0
42623294,-0.172113,0,0,-0.000000,0.000000,0,0.000000,0
42665431,-0.032680,0,0,-0.000000,0.000000,0,0.000000,0
